,mean,std
STWD,8.201148461758018,8.080877872148445
SWSP,6.057621152425116,3.581796825472871
TEMP,13.453904683955438,4.870142816622551
PRES,724.6924082875954,1.4214324451416038
RHUM,22.43859285102365,17.92135558681398
wd_x,0.8235125901446406,2.379403117604587
wd_y,-3.9867418378603707,3.340190989617062
Day sin,-4.415437249611513e-15,0.7071079990626504
Day cos,7.237058297337204e-15,0.7071079990626492
Year sin,0.009319635178676872,0.726562892609715
Year cos,0.07845250533576298,0.6825453355386587
